# GTM INSIGHTS EXPORT,Generated: 2025-11-06 21:38:36,,,,,
# Total Insights: 9,High Urgency: 2,High Confidence: 7,,,,
,,,,,,
insight_id,category,insight_text,supporting_signals_count,confidence,recommended_action,urgency_level
INS-001,TALENT,Aggressive hiring detected: 100+ open positions across 1 signals. Indicates strong growth trajectory and strategic expansion.,1,high,"Strategic direction: Large-scale hiring suggests preparation for major initiatives. Monitor department-level hiring to identify strategic priorities (eng = product, sales = market expansion).",high
INS-003,PRODUCT,"High product development velocity detected: 12 product signals, 12 high-confidence. Stripe is in aggressive build mode.",3,high,Expect rapid feature releases. Prioritize parity on core features while identifying areas where Stripe is over-investing (potential gaps to exploit).,high
INS-002,TALENT,"Organizational strength: ~12,538 employees. Large organization with strong resources but potential for bureaucracy.",1,high,Competitive advantage: Emphasize agility and speed vs. Stripe's large organization. Position as nimble alternative that can move faster and customize solutions.,medium
INS-004,PRODUCT,"Product roadmap focus areas: Developer Tools, Terminal, SDKs, APIs, Payment Processing. Primary investment in Developer Tools.",4,high,"Product gaps to exploit: Areas NOT in their roadmap - Fraud Prevention, Analytics, Reporting. Consider building differentiated capabilities in these gaps.",medium
INS-005,PRODUCT,Rapid release cadence: 9 version updates detected. Suggests strong engineering velocity and continuous deployment.,3,high,Match release velocity with quality. Emphasize stability and reliability as counter to Stripe's rapid iteration (which may introduce bugs).,medium
INS-007,CROSS_CATEGORY,High interconnection: 10 of 15 signals (66%) span multiple GTM dimensions. Indicates complex strategic initiatives.,3,high,"Integrated GTM approach required. Single-dimension strategies will miss key connections. Coordinate across product, marketing, and sales for holistic response.",medium
INS-008,CROSS_CATEGORY,Product launch cycle detected: 8 signals combine PRODUCT + TIMING. Stripe is in active launch mode with coordinated releases.,3,high,Prepare for coordinated product announcements. Consider counter-programming with own product launches or strategic partnerships to dilute their message.,medium
INS-006,TIMING,Detected 1 launch-related signals indicating active release cycles. Market window is currently OPEN for competitive announcements.,1,low,Monitor launch windows closely. Consider timing competitive releases to capitalize on market attention or to counter-program Stripe announcements.,medium
INS-009,CROSS_CATEGORY,Strategic expansion signaled: 1 signals link hiring to customer segments. Indicates planned expansion into new markets or segments.,1,medium,Anticipate market expansion. Identify target segments being staffed up and prepare competitive defenses or first-mover advantages in adjacent segments.,medium
